"id","first_name","last_name","team","position","photo"
1,"Alex","Abrines","Thunder","F",NULL
2,"Quincy","Acy","Nets","PF","http://a.espncdn.com/combiner/i?img=/i/headshots/nba/players/full/6576.png&w=350&h=254"
3,"Steven","Adams","Thunder","C",NULL
4,"Arron","Afflalo","Kings","SG","http://a.espncdn.com/combiner/i?img=/i/headshots/nba/players/full/3187.png&w=350&h=254"
5,"Alexis","Ajinca","Pelicans","C","http://a.espncdn.com/combiner/i?img=/i/headshots/nba/players/full/3410.png&w=350&h=254"
6,"Cole","Aldrich","Timberwolves","C",NULL
7,"LaMarcus","Aldridge","Spurs","PF","http://a.espncdn.com/combiner/i?img=/i/headshots/nba/players/full/2983.png&w=350&h=254"
8,"Cliff","Alexander","Magic","PF",NULL
9,"Lavoy","Allen","Pacers","PF","http://a.espncdn.com/combiner/i?img=/i/headshots/nba/players/full/6424.png&w=350&h=254"
10,"Tony","Allen","Grizzlies","SG","http://a.espncdn.com/combiner/i?img=/i/headshots/nba/players/full/2367.png&w=350&h=254"
11,"Al","Aminu","Trail Blazers","SF",NULL
12,"Chris","Andersen","Cavaliers","C",NULL
13,"Alan","Anderson","Clippers","SG","http://a.espncdn.com/combiner/i?img=/i/headshots/nba/players/full/6569.png&w=350&h=254"
14,"James","Anderson","Kings","SG",NULL
15,"Justin","Anderson","76ers","SF","http://a.espncdn.com/combiner/i?img=/i/headshots/nba/players/full/2982340.png&w=350&h=254"
16,"Kyle","Anderson","Spurs","SF","http://a.espncdn.com/combiner/i?img=/i/headshots/nba/players/full/2993874.png&w=350&h=254"
17,"Ryan","Anderson","Rockets","PF","http://a.espncdn.com/combiner/i?img=/i/headshots/nba/players/full/3412.png&w=350&h=254"
18,"Giannis","Antetokounmpo","Bucks","PG","http://a.espncdn.com/combiner/i?img=/i/headshots/nba/players/full/3032977.png&w=350&h=254"
19,"Thanasis","Antetokounmpo","Knicks","SF",NULL
20,"Carmelo","Anthony","Knicks","SF","http://a.espncdn.com/combiner/i?img=/i/headshots/nba/players/full/1975.png&w=350&h=254"
21,"Joel","Anthony","Spurs","C","http://a.espncdn.com/combiner/i?img=/i/headshots/nba/players/full/3247.png&w=350&h=254"
22,"Trevor","Ariza","Rockets","SF","http://a.espncdn.com/combiner/i?img=/i/headshots/nba/players/full/2426.png&w=350&h=254"
23,"Darrell","Arthur","Nuggets","PF",NULL
24,"Omer","Asik","Pelicans","C","http://a.espncdn.com/combiner/i?img=/i/headshots/nba/players/full/3414.png&w=350&h=254"
25,"D","Augustin","Magic","PG",NULL
26,"Jeff","Ayres","Clippers","C",NULL
27,"Luke","Babbitt","Heat","SF",NULL
28,"Ron","Baker","Knicks","G","http://a.espncdn.com/combiner/i?img=/i/headshots/nba/players/full/2580349.png&w=350&h=254"
29,"Wade","Baldwin","Grizzlies","G","http://a.espncdn.com/combiner/i?img=/i/headshots/nba/players/full/3136696.png&w=350&h=254"
30,"Leandro","Barbosa","Suns","SG","http://a.espncdn.com/combiner/i?img=/i/headshots/nba/players/full/2166.png&w=350&h=254"
31,"JJ","Barea","Mavericks","PG","http://a.espncdn.com/combiner/i?img=/i/headshots/nba/players/full/3055.png&w=350&h=254"
32,"Harrison","Barnes","Mavericks","F","http://a.espncdn.com/combiner/i?img=/i/headshots/nba/players/full/6578.png&w=350&h=254"
33,"Matt","Barnes","Warriors","SF","http://a.espncdn.com/combiner/i?img=/i/headshots/nba/players/full/1765.png&w=350&h=254"
34,"Will","Barton","Nuggets","SG",NULL
35,"Brandon","Bass","Clippers","PF","http://a.espncdn.com/combiner/i?img=/i/headshots/nba/players/full/2745.png&w=350&h=254"
36,"Nicolas","Batum","Hornets","SF",NULL
37,"Jerryd","Bayless","76ers","SG","http://a.espncdn.com/combiner/i?img=/i/headshots/nba/players/full/3417.png&w=350&h=254"
38,"Aron","Baynes","Pistons","C","http://a.espncdn.com/combiner/i?img=/i/headshots/nba/players/full/2968439.png&w=350&h=254"
39,"Kent","Bazemore","Hawks","SF",NULL
40,"Bradley","Beal","Wizards","SG",NULL
41,"Malik","Beasley","Nuggets","G",NULL
42,"Michael","Beasley","Bucks","F","http://a.espncdn.com/combiner/i?img=/i/headshots/nba/players/full/3418.png&w=350&h=254"
43,"Marco","Belinelli","Hornets","SG",NULL
44,"DeAndre","Bembry","Hawks","F",NULL
45,"Dragan","Bender","Suns","F","http://a.espncdn.com/combiner/i?img=/i/headshots/nba/players/full/4011991.png&w=350&h=254"
46,"Anthony","Bennett","Nets","PF",NULL
47,"Ben","Bentil","Mavericks","PF",NULL
48,"Davis","Bertans","Spurs","F","http://a.espncdn.com/combiner/i?img=/i/headshots/nba/players/full/6426.png&w=350&h=254"
49,"Patrick","Beverley","Rockets","PG","http://a.espncdn.com/combiner/i?img=/i/headshots/nba/players/full/3964.png&w=350&h=254"
50,"Bismack","Biyombo","Magic","C",NULL
51,"Nemanja","Bjelica","Timberwolves","PF",NULL
52,"Tarik","Black","Lakers","C","http://a.espncdn.com/combiner/i?img=/i/headshots/nba/players/full/2528393.png&w=350&h=254"
53,"Eric","Bledsoe","Suns","PG","http://a.espncdn.com/combiner/i?img=/i/headshots/nba/players/full/4238.png&w=350&h=254"
54,"Bojan","Bogdanovic","Wizards","SF",NULL
55,"Andrew","Bogut","Cavaliers","C",NULL
56,"Joel","Bolomboy","Jazz","F",NULL
57,"Devin","Booker","Suns","SG","http://a.espncdn.com/combiner/i?img=/i/headshots/nba/players/full/3136193.png&w=350&h=254"
58,"Trevor","Booker","Nets","PF","http://a.espncdn.com/combiner/i?img=/i/headshots/nba/players/full/4270.png&w=350&h=254"
59,"Chris","Bosh","Heat","PF",NULL
60,"Avery","Bradley","Celtics","SG","http://a.espncdn.com/combiner/i?img=/i/headshots/nba/players/full/4240.png&w=350&h=254"
61,"Corey","Brewer","Lakers","SF","http://a.espncdn.com/combiner/i?img=/i/headshots/nba/players/full/3191.png&w=350&h=254"
62,"Malcolm","Brogdon","Bucks","G","http://a.espncdn.com/combiner/i?img=/i/headshots/nba/players/full/2566769.png&w=350&h=254"
63,"Aaron","Brooks","Pacers","PG","http://a.espncdn.com/combiner/i?img=/i/headshots/nba/players/full/3192.png&w=350&h=254"
64,"Anthony","Brown","Magic","SF",NULL
65,"Bobby","Brown","Rockets","G","http://a.espncdn.com/combiner/i?img=/i/headshots/nba/players/full/3472.png&w=350&h=254"
66,"Jaylen","Brown","Celtics","SF","http://a.espncdn.com/combiner/i?img=/i/headshots/nba/players/full/3917376.png&w=350&h=254"
67,"Nicolas","Brussino","Mavericks","F","http://a.espncdn.com/combiner/i?img=/i/headshots/nba/players/full/3929314.png&w=350&h=254"
68,"Kobe","Bryant","Lakers","SF",NULL
69,"Reggie","Bullock","Pistons","SF","http://a.espncdn.com/combiner/i?img=/i/headshots/nba/players/full/2528779.png&w=350&h=254"
70,"Trey","Burke","Wizards","PG",NULL
71,"Alec","Burks","Jazz","SG",NULL
72,"Caron","Butler","Kings","SF",NULL
73,"Jimmy","Butler","Bulls","SG","http://a.espncdn.com/combiner/i?img=/i/headshots/nba/players/full/6430.png&w=350&h=254"
74,"Bruno","Caboclo","Raptors","SF","http://a.espncdn.com/combiner/i?img=/i/headshots/nba/players/full/3113297.png&w=350&h=254"
75,"Jose","Calderon","Hawks","PG",NULL
76,"Kentavious","Caldwell-Pope","Pistons","SG","http://a.espncdn.com/combiner/i?img=/i/headshots/nba/players/full/2581018.png&w=350&h=254"
77,"Isaiah","Canaan","Bulls","SG","http://a.espncdn.com/combiner/i?img=/i/headshots/nba/players/full/2490589.png&w=350&h=254"
78,"Clint","Capela","Rockets","C","http://a.espncdn.com/combiner/i?img=/i/headshots/nba/players/full/3102529.png&w=350&h=254"
79,"DeMarre","Carroll","Raptors","SF","http://a.espncdn.com/combiner/i?img=/i/headshots/nba/players/full/3970.png&w=350&h=254"
80,"Vince","Carter","Grizzlies","SG","http://a.espncdn.com/combiner/i?img=/i/headshots/nba/players/full/136.png&w=350&h=254"
81,"Michael","Carter-Williams","Bulls","PG","http://a.espncdn.com/combiner/i?img=/i/headshots/nba/players/full/2596108.png&w=350&h=254"
82,"Omri","Casspi","Timberwolves","SF",NULL
83,"Willie","Cauley-Stein","Kings","C","http://a.espncdn.com/combiner/i?img=/i/headshots/nba/players/full/2991282.png&w=350&h=254"
84,"Tyson","Chandler","Suns","C","http://a.espncdn.com/combiner/i?img=/i/headshots/nba/players/full/984.png&w=350&h=254"
85,"Wilson","Chandler","Nuggets","F",NULL
86,"Marquese","Chriss","Suns","F","http://a.espncdn.com/combiner/i?img=/i/headshots/nba/players/full/3907487.png&w=350&h=254"
87,"Rakeem","Christmas","Pacers","PF","http://a.espncdn.com/combiner/i?img=/i/headshots/nba/players/full/2596110.png&w=350&h=254"
88,"Semaj","Christon","Thunder","G",NULL
89,"Ian","Clark","Warriors","SG","http://a.espncdn.com/combiner/i?img=/i/headshots/nba/players/full/2489785.png&w=350&h=254"
90,"Jordan","Clarkson","Lakers","SG","http://a.espncdn.com/combiner/i?img=/i/headshots/nba/players/full/2528426.png&w=350&h=254"
91,"Norris","Cole","Thunder","PG",NULL
92,"Darren","Collison","Kings","PG","http://a.espncdn.com/combiner/i?img=/i/headshots/nba/players/full/3973.png&w=350&h=254"
93,"Nick","Collison","Thunder","PF",NULL
94,"Mike","Conley","Grizzlies","PG","http://a.espncdn.com/combiner/i?img=/i/headshots/nba/players/full/3195.png&w=350&h=254"
95,"Pat","Connaughton","Trail Blazers","SG",NULL
96,"Quinn","Cook","Pelicans","PG","http://a.espncdn.com/combiner/i?img=/i/headshots/nba/players/full/2566745.png&w=350&h=254"
97,"DeMarcus","Cousins","Pelicans","C","http://a.espncdn.com/combiner/i?img=/i/headshots/nba/players/full/4258.png&w=350&h=254"
98,"Robert","Covington","76ers","SF","http://a.espncdn.com/combiner/i?img=/i/headshots/nba/players/full/2490620.png&w=350&h=254"
99,"Allen","Crabbe","Trail Blazers","SG",NULL
100,"Drew","Crawford","Raptors","SG",NULL
101,"Jamal","Crawford","Clippers","SG","http://a.espncdn.com/combiner/i?img=/i/headshots/nba/players/full/165.png&w=350&h=254"
102,"Jordan","Crawford","Pelicans","SG","http://a.espncdn.com/combiner/i?img=/i/headshots/nba/players/full/4243.png&w=350&h=254"
103,"Jae","Crowder","Celtics","SF","http://a.espncdn.com/combiner/i?img=/i/headshots/nba/players/full/6581.png&w=350&h=254"
104,"Dante","Cunningham","Pelicans","SF","http://a.espncdn.com/combiner/i?img=/i/headshots/nba/players/full/3974.png&w=350&h=254"
105,"Seth","Curry","Mavericks","PG","http://a.espncdn.com/combiner/i?img=/i/headshots/nba/players/full/2326307.png&w=350&h=254"
106,"Stephen","Curry","Warriors","PG","http://a.espncdn.com/combiner/i?img=/i/headshots/nba/players/full/3975.png&w=350&h=254"
107,"Troy","Daniels","Grizzlies","SG","http://a.espncdn.com/combiner/i?img=/i/headshots/nba/players/full/2489530.png&w=350&h=254"
108,"Anthony","Davis","Pelicans","PF","http://a.espncdn.com/combiner/i?img=/i/headshots/nba/players/full/6583.png&w=350&h=254"
109,"Deyonta","Davis","Grizzlies","F","http://a.espncdn.com/combiner/i?img=/i/headshots/nba/players/full/3937101.png&w=350&h=254"
110,"Ed","Davis","Trail Blazers","PF",NULL
111,"Branden","Dawson","Magic","PF",NULL
112,"Dewayne","Dedmon","Spurs","C","http://a.espncdn.com/combiner/i?img=/i/headshots/nba/players/full/2580913.png&w=350&h=254"
113,"Sam","Dekker","Rockets","SF","http://a.espncdn.com/combiner/i?img=/i/headshots/nba/players/full/2991184.png&w=350&h=254"
114,"Malcolm","Delaney","Hawks","G",NULL
115,"Matthew","Dellavedova","Bucks","PG","http://a.espncdn.com/combiner/i?img=/i/headshots/nba/players/full/2489716.png&w=350&h=254"
116,"Luol","Deng","Lakers","PF","http://a.espncdn.com/combiner/i?img=/i/headshots/nba/players/full/2429.png&w=350&h=254"
117,"DeMar","DeRozan","Raptors","SG","http://a.espncdn.com/combiner/i?img=/i/headshots/nba/players/full/3978.png&w=350&h=254"
118,"Cheick","Diallo","Pelicans","F","http://a.espncdn.com/combiner/i?img=/i/headshots/nba/players/full/3919335.png&w=350&h=254"
119,"Boris","Diaw","Jazz","PF",NULL
120,"Gorgui","Dieng","Timberwolves","C",NULL
121,"Spencer","Dinwiddie","Nets","PG","http://a.espncdn.com/combiner/i?img=/i/headshots/nba/players/full/2580782.png&w=350&h=254"
122,"Toney","Douglas","Grizzlies","PG",NULL
123,"Goran","Dragic","Heat","PG",NULL
124,"Andre","Drummond","Pistons","C","http://a.espncdn.com/combiner/i?img=/i/headshots/nba/players/full/6585.png&w=350&h=254"
125,"Jared","Dudley","Suns","PF","http://a.espncdn.com/combiner/i?img=/i/headshots/nba/players/full/3201.png&w=350&h=254"
126,"Tim","Duncan","Spurs","C",NULL
127,"Mike","Dunleavy","Hawks","SF",NULL
128,"Kris","Dunn","Timberwolves","G",NULL
129,"Kevin","Durant","Warriors","SF","http://a.espncdn.com/combiner/i?img=/i/headshots/nba/players/full/3202.png&w=350&h=254"
130,"Jarell","Eddie","Suns","SF",NULL
131,"Henry","Ellenson","Pistons","F","http://a.espncdn.com/combiner/i?img=/i/headshots/nba/players/full/3906522.png&w=350&h=254"
132,"Wayne","Ellington","Heat","SG",NULL
133,"Monta","Ellis","Pacers","SG","http://a.espncdn.com/combiner/i?img=/i/headshots/nba/players/full/2751.png&w=350&h=254"
134,"Joel","Embiid","76ers","C","http://a.espncdn.com/combiner/i?img=/i/headshots/nba/players/full/3059318.png&w=350&h=254"
135,"Tyler","Ennis","Lakers","PG","http://a.espncdn.com/combiner/i?img=/i/headshots/nba/players/full/3059281.png&w=350&h=254"
136,"James","Ennis","Grizzlies","SF","http://a.espncdn.com/combiner/i?img=/i/headshots/nba/players/full/2579321.png&w=350&h=254"
137,"Jeremy","Evans","Pacers","SF",NULL
138,"Tyreke","Evans","Kings","SG","http://a.espncdn.com/combiner/i?img=/i/headshots/nba/players/full/3983.png&w=350&h=254"
139,"Dante","Exum","Jazz","G",NULL
140,"Kenneth","Faried","Nuggets","PF",NULL
141,"Jordan","Farmar","Kings","PG",NULL
142,"Derrick","Favors","Jazz","PF",NULL
143,"Kay","Felder","Cavaliers","G","http://a.espncdn.com/combiner/i?img=/i/headshots/nba/players/full/3062892.png&w=350&h=254"
144,"Cristiano","Felicio","Bulls","C","http://a.espncdn.com/combiner/i?img=/i/headshots/nba/players/full/3113587.png&w=350&h=254"
145,"Raymond","Felton","Clippers","PG","http://a.espncdn.com/combiner/i?img=/i/headshots/nba/players/full/2753.png&w=350&h=254"
146,"Yogi","Ferrell","Mavericks","G","http://a.espncdn.com/combiner/i?img=/i/headshots/nba/players/full/2991018.png&w=350&h=254"
147,"Dorian","Finney-Smith","Mavericks","F","http://a.espncdn.com/combiner/i?img=/i/headshots/nba/players/full/2578185.png&w=350&h=254"
148,"Bryn","Forbes","Spurs","G","http://a.espncdn.com/combiner/i?img=/i/headshots/nba/players/full/2994526.png&w=350&h=254"
149,"Evan","Fournier","Magic","SF",NULL
150,"Randy","Foye","Nets","SG","http://a.espncdn.com/combiner/i?img=/i/headshots/nba/players/full/3003.png&w=350&h=254"
151,"Tim","Frazier","Pelicans","PG","http://a.espncdn.com/combiner/i?img=/i/headshots/nba/players/full/2488945.png&w=350&h=254"
152,"Channing","Frye","Cavaliers","C","http://a.espncdn.com/combiner/i?img=/i/headshots/nba/players/full/2754.png&w=350&h=254"
153,"Danilo","Gallinari","Nuggets","SF",NULL
154,"Langston","Galloway","Kings","PG","http://a.espncdn.com/combiner/i?img=/i/headshots/nba/players/full/2530572.png&w=350&h=254"
155,"Patricio","Garino","Magic","SG",NULL
156,"Kevin","Garnett","Timberwolves","PF",NULL
157,"Marc","Gasol","Grizzlies","C","http://a.espncdn.com/combiner/i?img=/i/headshots/nba/players/full/3206.png&w=350&h=254"
158,"Pau","Gasol","Spurs","C","http://a.espncdn.com/combiner/i?img=/i/headshots/nba/players/full/996.png&w=350&h=254"
159,"Rudy","Gay","Kings","SF","http://a.espncdn.com/combiner/i?img=/i/headshots/nba/players/full/3005.png&w=350&h=254"
160,"Michael","Gbinije","Pistons","F","http://a.espncdn.com/combiner/i?img=/i/headshots/nba/players/full/2566747.png&w=350&h=254"
161,"Alonzo","Gee","Nuggets","SF",NULL
162,"Paul","George","Pacers","SF","http://a.espncdn.com/combiner/i?img=/i/headshots/nba/players/full/4251.png&w=350&h=254"
163,"Marcus","Georges","Magic","G",NULL
164,"Jonathan","Gibson","Mavericks","G",NULL
165,"Taj","Gibson","Thunder","PF",NULL
166,"Manu","Ginobili","Spurs","SG","http://a.espncdn.com/combiner/i?img=/i/headshots/nba/players/full/272.png&w=350&h=254"
167,"Rudy","Gobert","Jazz","C",NULL
168,"Archie","Goodwin","Nets","PG","http://a.espncdn.com/combiner/i?img=/i/headshots/nba/players/full/2991281.png&w=350&h=254"
169,"Aaron","Gordon","Magic","PF",NULL
170,"Eric","Gordon","Rockets","SG","http://a.espncdn.com/combiner/i?img=/i/headshots/nba/players/full/3431.png&w=350&h=254"
171,"Marcin","Gortat","Wizards","C",NULL
172,"X","Gortat","Cavaliers","C",NULL
173,"Treveon","Graham","Hornets","F",NULL
174,"Jerami","Grant","Thunder","SF",NULL
175,"Jerian","Grant","Bulls","PG","http://a.espncdn.com/combiner/i?img=/i/headshots/nba/players/full/2531047.png&w=350&h=254"
176,"Danny","Green","Spurs","SG","http://a.espncdn.com/combiner/i?img=/i/headshots/nba/players/full/3988.png&w=350&h=254"
177,"Draymond","Green","Warriors","PF","http://a.espncdn.com/combiner/i?img=/i/headshots/nba/players/full/6589.png&w=350&h=254"
178,"Erick","Green","Jazz","PG",NULL
179,"Gerald","Green","Celtics","SG","http://a.espncdn.com/combiner/i?img=/i/headshots/nba/players/full/2761.png&w=350&h=254"
180,"JaMychal","Green","Grizzlies","PF","http://a.espncdn.com/combiner/i?img=/i/headshots/nba/players/full/2327577.png&w=350&h=254"
181,"Jeff","Green","Magic","SF",NULL
182,"Blake","Griffin","Clippers","PF","http://a.espncdn.com/combiner/i?img=/i/headshots/nba/players/full/3989.png&w=350&h=254"
183,"Jorge","Gutierrez","Hornets","PG",NULL
184,"Justin","Hamilton","Nets","C","http://a.espncdn.com/combiner/i?img=/i/headshots/nba/players/full/6590.png&w=350&h=254"
185,"AJ","Hammons","Mavericks","C","http://a.espncdn.com/combiner/i?img=/i/headshots/nba/players/full/2991178.png&w=350&h=254"
186,"Tim","Hardaway","Hawks","SG",NULL
187,"James","Harden","Rockets","SG","http://a.espncdn.com/combiner/i?img=/i/headshots/nba/players/full/3992.png&w=350&h=254"
188,"Maurice","Harkless","Trail Blazers","SF",NULL
189,"Justin","Harper","76ers","PF",NULL
190,"Montrezl","Harrell","Rockets","PF","http://a.espncdn.com/combiner/i?img=/i/headshots/nba/players/full/2991055.png&w=350&h=254"
191,"Devin","Harris","Mavericks","PG","http://a.espncdn.com/combiner/i?img=/i/headshots/nba/players/full/2382.png&w=350&h=254"
192,"Gary","Harris","Nuggets","SG",NULL
193,"Joe","Harris","Nets","SG","http://a.espncdn.com/combiner/i?img=/i/headshots/nba/players/full/2528794.png&w=350&h=254"
194,"Manny","Harris","Mavericks","SG",NULL
195,"Tobias","Harris","Pistons","PF","http://a.espncdn.com/combiner/i?img=/i/headshots/nba/players/full/6440.png&w=350&h=254"
196,"Aaron","Harrison","Hornets","SG",NULL
197,"Andrew","Harrison","Grizzlies","G","http://a.espncdn.com/combiner/i?img=/i/headshots/nba/players/full/3064511.png&w=350&h=254"
198,"Udonis","Haslem","Heat","PF",NULL
199,"Spencer","Hawes","Bucks","PF","http://a.espncdn.com/combiner/i?img=/i/headshots/nba/players/full/3211.png&w=350&h=254"
200,"Gordon","Hayward","Jazz","SF",NULL
201,"Gerald","Henderson","76ers","SG","http://a.espncdn.com/combiner/i?img=/i/headshots/nba/players/full/3993.png&w=350&h=254"
202,"John","Henson","Bucks","C","http://a.espncdn.com/combiner/i?img=/i/headshots/nba/players/full/6592.png&w=350&h=254"
203,"Guillermo","Hernangomez","Knicks","C","http://a.espncdn.com/combiner/i?img=/i/headshots/nba/players/full/2999409.png&w=350&h=254"
204,"Juancho","Hernangomez","Nuggets","F",NULL
205,"Mario","Hezonja","Magic","SF",NULL
206,"Roy","Hibbert","Nuggets","C",NULL
207,"JJ","Hickson","Wizards","C",NULL
208,"Buddy","Hield","Kings","G","http://a.espncdn.com/combiner/i?img=/i/headshots/nba/players/full/2990984.png&w=350&h=254"
209,"Nene","Hilario","Rockets","PF","http://a.espncdn.com/combiner/i?img=/i/headshots/nba/players/full/1713.png&w=350&h=254"
210,"George","Hill","Jazz","PG",NULL
211,"Jordan","Hill","Timberwolves","C",NULL
212,"Solomon","Hill","Pelicans","SF","http://a.espncdn.com/combiner/i?img=/i/headshots/nba/players/full/2488958.png&w=350&h=254"
213,"Darrun","Hilliard","Pistons","SG","http://a.espncdn.com/combiner/i?img=/i/headshots/nba/players/full/2578259.png&w=350&h=254"
214,"Jrue","Holiday","Pelicans","PG","http://a.espncdn.com/combiner/i?img=/i/headshots/nba/players/full/3995.png&w=350&h=254"
215,"Justin","Holiday","Knicks","SG","http://a.espncdn.com/combiner/i?img=/i/headshots/nba/players/full/2284101.png&w=350&h=254"
216,"Rondae","Hollis-Jefferson","Nets","SF","http://a.espncdn.com/combiner/i?img=/i/headshots/nba/players/full/3064291.png&w=350&h=254"
217,"Richaun","Holmes","76ers","PF","http://a.espncdn.com/combiner/i?img=/i/headshots/nba/players/full/2993370.png&w=350&h=254"
218,"Rodney","Hood","Jazz","SG",NULL
219,"Al","Horford","Celtics","C","http://a.espncdn.com/combiner/i?img=/i/headshots/nba/players/full/3213.png&w=350&h=254"
220,"Danuel","House","Wizards","F",NULL
221,"Dwight","Howard","Hawks","C",NULL
222,"Marcelo","Huertas","Lakers","PG",NULL
223,"Josh","Huestis","Thunder","PF",NULL
224,"Kris","Humphries","Hawks","PF",NULL
225,"RJ","Hunter","Bulls","SG",NULL
226,"Serge","Ibaka","Raptors","PF","http://a.espncdn.com/combiner/i?img=/i/headshots/nba/players/full/3439.png&w=350&h=254"
227,"Andre","Iguodala","Warriors","SF","http://a.espncdn.com/combiner/i?img=/i/headshots/nba/players/full/2386.png&w=350&h=254"
228,"Ersan","Ilyasova","Hawks","PF",NULL
229,"Joe","Ingles","Jazz","SF",NULL
230,"Brandon","Ingram","Lakers","F","http://a.espncdn.com/combiner/i?img=/i/headshots/nba/players/full/3913176.png&w=350&h=254"
231,"Kyrie","Irving","Cavaliers","PG","http://a.espncdn.com/combiner/i?img=/i/headshots/nba/players/full/6442.png&w=350&h=254"
232,"Jarrett","Jack","Pelicans","PG",NULL
233,"Demetrius","Jackson","Celtics","G","http://a.espncdn.com/combiner/i?img=/i/headshots/nba/players/full/3059273.png&w=350&h=254"
234,"Pierre","Jackson","Mavericks","SG",NULL
235,"Reggie","Jackson","Pistons","PG","http://a.espncdn.com/combiner/i?img=/i/headshots/nba/players/full/6443.png&w=350&h=254"
236,"LeBron","James","Cavaliers","SF","http://a.espncdn.com/combiner/i?img=/i/headshots/nba/players/full/1966.png&w=350&h=254"
237,"Al","Jefferson","Pacers","C","http://a.espncdn.com/combiner/i?img=/i/headshots/nba/players/full/2389.png&w=350&h=254"
238,"Richard","Jefferson","Cavaliers","SF","http://a.espncdn.com/combiner/i?img=/i/headshots/nba/players/full/1006.png&w=350&h=254"
239,"John","Jenkins","Suns","SG",NULL
240,"Brandon","Jennings","Wizards","PG",NULL
241,"Jonas","Jerebko","Celtics","PF","http://a.espncdn.com/combiner/i?img=/i/headshots/nba/players/full/3998.png&w=350&h=254"
242,"Amir","Johnson","Celtics","PF","http://a.espncdn.com/combiner/i?img=/i/headshots/nba/players/full/2769.png&w=350&h=254"
243,"Brice","Johnson","Clippers","F","http://a.espncdn.com/combiner/i?img=/i/headshots/nba/players/full/2982330.png&w=350&h=254"
244,"James","Johnson","Heat","PF",NULL
245,"Joe","Johnson","Jazz","SF",NULL
246,"Stanley","Johnson","Pistons","SF","http://a.espncdn.com/combiner/i?img=/i/headshots/nba/players/full/3134881.png&w=350&h=254"
247,"Tyler","Johnson","Heat","SG",NULL
248,"Wesley","Johnson","Clippers","SF","http://a.espncdn.com/combiner/i?img=/i/headshots/nba/players/full/4247.png&w=350&h=254"
249,"Nikola","Jokic","Nuggets","C",NULL
250,"Dahntay","Jones","Cavaliers","SF","http://a.espncdn.com/combiner/i?img=/i/headshots/nba/players/full/2008.png&w=350&h=254"
251,"Damian","Jones","Warriors","C","http://a.espncdn.com/combiner/i?img=/i/headshots/nba/players/full/3064559.png&w=350&h=254"
252,"James","Jones","Cavaliers","SF","http://a.espncdn.com/combiner/i?img=/i/headshots/nba/players/full/2009.png&w=350&h=254"
253,"Terrence","Jones","Bucks","PF",NULL
254,"Tyus","Jones","Timberwolves","PG",NULL
255,"Derrick","Jones","Suns","F","http://a.espncdn.com/combiner/i?img=/i/headshots/nba/players/full/3936099.png&w=350&h=254"
256,"DeAndre","Jordan","Clippers","C","http://a.espncdn.com/combiner/i?img=/i/headshots/nba/players/full/3442.png&w=350&h=254"
257,"Cory","Joseph","Raptors","SG","http://a.espncdn.com/combiner/i?img=/i/headshots/nba/players/full/6446.png&w=350&h=254"
258,"Frank","Kaminsky","Hornets","C",NULL
259,"Enes","Kanter","Thunder","C",NULL
260,"Ryan","Kelly","Hawks","PF",NULL
261,"Michael","Kidd","Hornets","SF",NULL
262,"Sean","Kilpatrick","Nets","SG","http://a.espncdn.com/combiner/i?img=/i/headshots/nba/players/full/2488689.png&w=350&h=254"
263,"Brandon","Knight","Suns","SG","http://a.espncdn.com/combiner/i?img=/i/headshots/nba/players/full/6448.png&w=350&h=254"
264,"Kyle","Korver","Cavaliers","SG","http://a.espncdn.com/combiner/i?img=/i/headshots/nba/players/full/2011.png&w=350&h=254"
265,"Kosta","Koufos","Kings","C","http://a.espncdn.com/combiner/i?img=/i/headshots/nba/players/full/3444.png&w=350&h=254"
266,"Mindaugas","Kuzminskas","Knicks","F","http://a.espncdn.com/combiner/i?img=/i/headshots/nba/players/full/3138120.png&w=350&h=254"
267,"Skal","Labissiere","Kings","F","http://a.espncdn.com/combiner/i?img=/i/headshots/nba/players/full/3936296.png&w=350&h=254"
268,"Jeremy","Lamb","Hornets","SG",NULL
269,"Carl","Landry","76ers","PF",NULL
270,"Nicolas","Laprovittola","Spurs","G",NULL
271,"Joffrey","Lauvergne","Bulls","C","http://a.espncdn.com/combiner/i?img=/i/headshots/nba/players/full/2959753.png&w=350&h=254"
272,"Zach","LaVine","Timberwolves","SG",NULL
273,"Ty","Lawson","Kings","G","http://a.espncdn.com/combiner/i?img=/i/headshots/nba/players/full/4000.png&w=350&h=254"
274,"Jake","Layman","Trail Blazers","F",NULL
275,"Courtney","Lee","Knicks","SG","http://a.espncdn.com/combiner/i?img=/i/headshots/nba/players/full/3445.png&w=350&h=254"
276,"David","Lee","Spurs","PF","http://a.espncdn.com/combiner/i?img=/i/headshots/nba/players/full/2772.png&w=350&h=254"
277,"Alex","Len","Suns","C","http://a.espncdn.com/combiner/i?img=/i/headshots/nba/players/full/2596107.png&w=350&h=254"
278,"Kawhi","Leonard","Spurs","SF","http://a.espncdn.com/combiner/i?img=/i/headshots/nba/players/full/6450.png&w=350&h=254"
279,"Meyers","Leonard","Trail Blazers","PF",NULL
280,"Jon","Leuer","Pistons","PF","http://a.espncdn.com/combiner/i?img=/i/headshots/nba/players/full/6452.png&w=350&h=254"
281,"Caris","Levert","Nets","G","http://a.espncdn.com/combiner/i?img=/i/headshots/nba/players/full/2991043.png&w=350&h=254"
282,"DeAndre","Liggins","Mavericks","G","http://a.espncdn.com/combiner/i?img=/i/headshots/nba/players/full/6453.png&w=350&h=254"
283,"Damian","Lillard","Trail Blazers","PG",NULL
284,"Jeremy","Lin","Nets","SG","http://a.espncdn.com/combiner/i?img=/i/headshots/nba/players/full/4299.png&w=350&h=254"
285,"Shaun","Livingston","Warriors","PG","http://a.espncdn.com/combiner/i?img=/i/headshots/nba/players/full/2393.png&w=350&h=254"
286,"Shawn","Long","76ers","PF","http://a.espncdn.com/combiner/i?img=/i/headshots/nba/players/full/2581180.png&w=350&h=254"
287,"Kevon","Looney","Warriors","PF","http://a.espncdn.com/combiner/i?img=/i/headshots/nba/players/full/3155535.png&w=350&h=254"
288,"Brook","Lopez","Nets","C","http://a.espncdn.com/combiner/i?img=/i/headshots/nba/players/full/3448.png&w=350&h=254"
289,"Robin","Lopez","Bulls","C","http://a.espncdn.com/combiner/i?img=/i/headshots/nba/players/full/3447.png&w=350&h=254"
290,"Kevin","Love","Cavaliers","PF","http://a.espncdn.com/combiner/i?img=/i/headshots/nba/players/full/3449.png&w=350&h=254"
291,"Kyle","Lowry","Raptors","PG","http://a.espncdn.com/combiner/i?img=/i/headshots/nba/players/full/3012.png&w=350&h=254"
292,"John","Lucas","Timberwolves","G",NULL
293,"Timothe","Luwawu-Caborrot","76ers","G","http://a.espncdn.com/combiner/i?img=/i/headshots/nba/players/full/3893019.png&w=350&h=254"
294,"Trey","Lyles","Jazz","PF",NULL
295,"Shelvin","Mack","Jazz","PG",NULL
296,"Ian","Mahinmi","Wizards","C",NULL
297,"Thon","Maker","Bucks","F","http://a.espncdn.com/combiner/i?img=/i/headshots/nba/players/full/4017843.png&w=350&h=254"
298,"Boban","Marjanovic","Pistons","C","http://a.espncdn.com/combiner/i?img=/i/headshots/nba/players/full/4376.png&w=350&h=254"
299,"Kendall","Marshall","76ers","PG",NULL
300,"Jarell","Martin","Grizzlies","PF","http://a.espncdn.com/combiner/i?img=/i/headshots/nba/players/full/3064517.png&w=350&h=254"
301,"Wesley","Matthews","Mavericks","SG","http://a.espncdn.com/combiner/i?img=/i/headshots/nba/players/full/4032.png&w=350&h=254"
302,"Luc","Mbah","Clippers","PF",NULL
303,"James","McAdoo","Warriors","PF","http://a.espncdn.com/combiner/i?img=/i/headshots/nba/players/full/2594818.png&w=350&h=254"
304,"Ray","McCallum","Hornets","PG",NULL
305,"Patrick","McCaw","Warriors","G","http://a.espncdn.com/combiner/i?img=/i/headshots/nba/players/full/3137730.png&w=350&h=254"
306,"Sheldon","McClellan","Wizards","G",NULL
307,"CJ","McCollum","Trail Blazers","SG",NULL
308,"TJ","McConnell","76ers","PG","http://a.espncdn.com/combiner/i?img=/i/headshots/nba/players/full/2530530.png&w=350&h=254"
309,"Chris","McCullough","Wizards","PF",NULL
310,"KJ","McDaniels","Nets","SF","http://a.espncdn.com/combiner/i?img=/i/headshots/nba/players/full/2566741.png&w=350&h=254"
311,"Doug","McDermott","Thunder","SF",NULL
312,"Mitch","McGary","Thunder","PF",NULL
313,"JaVale","McGee","Warriors","C","http://a.espncdn.com/combiner/i?img=/i/headshots/nba/players/full/3452.png&w=350&h=254"
314,"Rodney","McGruder","Heat","SG",NULL
315,"Ben","McLemore","Kings","SG","http://a.espncdn.com/combiner/i?img=/i/headshots/nba/players/full/2578213.png&w=350&h=254"
316,"Jordan","McRae","Cavaliers","PG",NULL
317,"Josh","McRoberts","Heat","PF",NULL
318,"Jodie","Meeks","Magic","SG",NULL
319,"Salah","Mejri","Mavericks","C","http://a.espncdn.com/combiner/i?img=/i/headshots/nba/players/full/2968458.png&w=350&h=254"
320,"Jordan","Mickey","Celtics","PF","http://a.espncdn.com/combiner/i?img=/i/headshots/nba/players/full/3064520.png&w=350&h=254"
321,"Khris","Middleton","Bucks","SG","http://a.espncdn.com/combiner/i?img=/i/headshots/nba/players/full/6609.png&w=350&h=254"
322,"CJ","Miles","Pacers","SF","http://a.espncdn.com/combiner/i?img=/i/headshots/nba/players/full/2778.png&w=350&h=254"
323,"Mike","Miller","Nuggets","SF",NULL
324,"Patty","Mills","Spurs","PG","http://a.espncdn.com/combiner/i?img=/i/headshots/nba/players/full/4004.png&w=350&h=254"
325,"Elijah","Millsap","Suns","SG","http://a.espncdn.com/combiner/i?img=/i/headshots/nba/players/full/4321.png&w=350&h=254"
326,"Paul","Millsap","Hawks","PF",NULL
327,"Nikola","Mirotic","Bulls","PF","http://a.espncdn.com/combiner/i?img=/i/headshots/nba/players/full/6459.png&w=350&h=254"
328,"Greg","Monroe","Bucks","C","http://a.espncdn.com/combiner/i?img=/i/headshots/nba/players/full/4260.png&w=350&h=254"
329,"E'Twaun","Moore","Pelicans","SG","http://a.espncdn.com/combiner/i?img=/i/headshots/nba/players/full/6460.png&w=350&h=254"
330,"Marcus","Morris","Pistons","SF","http://a.espncdn.com/combiner/i?img=/i/headshots/nba/players/full/6462.png&w=350&h=254"
331,"Markieff","Morris","Wizards","PF",NULL
332,"Anthony","Morrow","Bulls","SG","http://a.espncdn.com/combiner/i?img=/i/headshots/nba/players/full/3474.png&w=350&h=254"
333,"Donatas","Motiejunas","Pelicans","PF","http://a.espncdn.com/combiner/i?img=/i/headshots/nba/players/full/6464.png&w=350&h=254"
334,"Timofey","Mozgov","Lakers","C","http://a.espncdn.com/combiner/i?img=/i/headshots/nba/players/full/4298.png&w=350&h=254"
335,"Emmanuel","Mudiay","Nuggets","PG",NULL
336,"Shabazz","Muhammad","Timberwolves","SF",NULL
337,"Dejounte","Murray","Spurs","G","http://a.espncdn.com/combiner/i?img=/i/headshots/nba/players/full/3907497.png&w=350&h=254"
338,"Jamal","Murray","Nuggets","G",NULL
339,"Mike","Muscala","Hawks","C",NULL
340,"Larry","Nance","Lakers","PF","http://a.espncdn.com/combiner/i?img=/i/headshots/nba/players/full/2580365.png&w=350&h=254"
341,"Shabazz","Napier","Trail Blazers","PG",NULL
342,"Maurice","Ndour","Knicks","F","http://a.espncdn.com/combiner/i?img=/i/headshots/nba/players/full/3063982.png&w=350&h=254"
343,"Gary","Neal","Hawks","PG",NULL
344,"Jameer","Nelson","Nuggets","PG",NULL
345,"Maybyner","Nene","Rockets","C",NULL
346,"Raul","Neto","Jazz","PG",NULL
347,"George","Niang","Pacers","F","http://a.espncdn.com/combiner/i?img=/i/headshots/nba/players/full/2990969.png&w=350&h=254"
348,"Andrew","Nicholson","Nets","PF","http://a.espncdn.com/combiner/i?img=/i/headshots/nba/players/full/6614.png&w=350&h=254"
349,"Joakim","Noah","Knicks","C","http://a.espncdn.com/combiner/i?img=/i/headshots/nba/players/full/3224.png&w=350&h=254"
350,"Nerlens","Noel","Mavericks","C","http://a.espncdn.com/combiner/i?img=/i/headshots/nba/players/full/2991280.png&w=350&h=254"
351,"Lucas","Nogueira","Raptors","C","http://a.espncdn.com/combiner/i?img=/i/headshots/nba/players/full/3032980.png&w=350&h=254"
352,"Steve","Novak","Bucks","PF",NULL
353,"Dirk","Nowitzki","Mavericks","PF","http://a.espncdn.com/combiner/i?img=/i/headshots/nba/players/full/609.png&w=350&h=254"
354,"Jusuf","Nurkic","Trail Blazers","C",NULL
355,"David","Nwaba","Lakers","G","http://a.espncdn.com/combiner/i?img=/i/headshots/nba/players/full/3062744.png&w=350&h=254"
356,"Johnny","O","Hornets","PF",NULL
357,"Daniel","Ochefu","Wizards","F",NULL
358,"Jahlil","Okafor","76ers","C","http://a.espncdn.com/combiner/i?img=/i/headshots/nba/players/full/3135048.png&w=350&h=254"
359,"Victor","Oladipo","Thunder","SG",NULL
360,"Kelly","Olynyk","Celtics","C","http://a.espncdn.com/combiner/i?img=/i/headshots/nba/players/full/2489663.png&w=350&h=254"
361,"Arinze","Onuaku","Magic","F",NULL
362,"Chinanu","Onuaku","Rockets","F","http://a.espncdn.com/combiner/i?img=/i/headshots/nba/players/full/3147366.png&w=350&h=254"
363,"Kyle","O'Quinn","Knicks","PF","http://a.espncdn.com/combiner/i?img=/i/headshots/nba/players/full/6615.png&w=350&h=254"
364,"Kelly","Oubre","Wizards","SF",NULL
365,"Zaza","Pachulia","Warriors","C","http://a.espncdn.com/combiner/i?img=/i/headshots/nba/players/full/2016.png&w=350&h=254"
366,"Georgios","Papagiannis","Kings","C","http://a.espncdn.com/combiner/i?img=/i/headshots/nba/players/full/4017846.png&w=350&h=254"
367,"Jabari","Parker","Bucks","PF","http://a.espncdn.com/combiner/i?img=/i/headshots/nba/players/full/3056600.png&w=350&h=254"
368,"Tony","Parker","Spurs","PG","http://a.espncdn.com/combiner/i?img=/i/headshots/nba/players/full/1015.png&w=350&h=254"
369,"Chandler","Parsons","Grizzlies","SF","http://a.espncdn.com/combiner/i?img=/i/headshots/nba/players/full/6466.png&w=350&h=254"
370,"Lamar","Patterson","Hawks","SG",NULL
371,"Patrick","Patterson","Raptors","PF","http://a.espncdn.com/combiner/i?img=/i/headshots/nba/players/full/4264.png&w=350&h=254"
372,"Chris","Paul","Clippers","PG","http://a.espncdn.com/combiner/i?img=/i/headshots/nba/players/full/2779.png&w=350&h=254"
373,"Adreian","Payne","Timberwolves","PF",NULL
374,"Cameron","Payne","Bulls","PG","http://a.espncdn.com/combiner/i?img=/i/headshots/nba/players/full/3064230.png&w=350&h=254"
375,"Elfrid","Payton","Magic","PG",NULL
376,"Gary","Payton","Bucks","PG","http://a.espncdn.com/combiner/i?img=/i/headshots/nba/players/full/3134903.png&w=350&h=254"
377,"Kendrick","Perkins","Pelicans","C",NULL
378,"Paul","Pierce","Clippers","SF","http://a.espncdn.com/combiner/i?img=/i/headshots/nba/players/full/662.png&w=350&h=254"
379,"Marshall","Plumlee","Knicks","C","http://a.espncdn.com/combiner/i?img=/i/headshots/nba/players/full/2566748.png&w=350&h=254"
380,"Mason","Plumlee","Nuggets","C",NULL
381,"Miles","Plumlee","Hornets","C",NULL
382,"Jakob","Poeltl","Raptors","C","http://a.espncdn.com/combiner/i?img=/i/headshots/nba/players/full/3134908.png&w=350&h=254"
383,"Quincy","Pondexter","Pelicans","SG","http://a.espncdn.com/combiner/i?img=/i/headshots/nba/players/full/4253.png&w=350&h=254"
384,"Otto","Porter","Wizards","SF",NULL
385,"Bobby","Portis","Bulls","PF","http://a.espncdn.com/combiner/i?img=/i/headshots/nba/players/full/3064482.png&w=350&h=254"
386,"Kristaps","Porzingis","Knicks","PF","http://a.espncdn.com/combiner/i?img=/i/headshots/nba/players/full/3102531.png&w=350&h=254"
387,"Dwight","Powell","Mavericks","PF","http://a.espncdn.com/combiner/i?img=/i/headshots/nba/players/full/2531367.png&w=350&h=254"
388,"Norman","Powell","Raptors","SG","http://a.espncdn.com/combiner/i?img=/i/headshots/nba/players/full/2595516.png&w=350&h=254"
389,"Alex","Poythress","76ers","C","http://a.espncdn.com/combiner/i?img=/i/headshots/nba/players/full/2991283.png&w=350&h=254"
390,"Phil","Pressey","Suns","PG",NULL
391,"Ronnie","Price","Suns","PG","http://a.espncdn.com/combiner/i?img=/i/headshots/nba/players/full/2807.png&w=350&h=254"
392,"Taurean","Prince","Hawks","F",NULL
393,"Tim","Quarterman","Trail Blazers","G",NULL
394,"Chasson","Randle","Knicks","PG","http://a.espncdn.com/combiner/i?img=/i/headshots/nba/players/full/2580898.png&w=350&h=254"
395,"Julius","Randle","Lakers","PF","http://a.espncdn.com/combiner/i?img=/i/headshots/nba/players/full/3064514.png&w=350&h=254"
396,"Zach","Randolph","Grizzlies","PF","http://a.espncdn.com/combiner/i?img=/i/headshots/nba/players/full/1017.png&w=350&h=254"
397,"JJ","Redick","Clippers","SG","http://a.espncdn.com/combiner/i?img=/i/headshots/nba/players/full/3024.png&w=350&h=254"
398,"Willie","Reed","Heat","PF",NULL
399,"Josh","Richardson","Heat","SG",NULL
400,"Malachi","Richardson","Kings","G","http://a.espncdn.com/combiner/i?img=/i/headshots/nba/players/full/3934663.png&w=350&h=254"
401,"Austin","Rivers","Clippers","SG","http://a.espncdn.com/combiner/i?img=/i/headshots/nba/players/full/6617.png&w=350&h=254"
402,"Andre","Roberson","Thunder","SG",NULL
403,"Brian","Roberts","Hornets","PG",NULL
404,"Thomas","Robinson","Lakers","F","http://a.espncdn.com/combiner/i?img=/i/headshots/nba/players/full/6618.png&w=350&h=254"
405,"Glenn","Robinson","Pacers","SF","http://a.espncdn.com/combiner/i?img=/i/headshots/nba/players/full/2991039.png&w=350&h=254"
406,"Sergio","Rodriguez","76ers","G","http://a.espncdn.com/combiner/i?img=/i/headshots/nba/players/full/3025.png&w=350&h=254"
407,"Rajon","Rondo","Bulls","PG","http://a.espncdn.com/combiner/i?img=/i/headshots/nba/players/full/3026.png&w=350&h=254"
408,"Derrick","Rose","Knicks","PG","http://a.espncdn.com/combiner/i?img=/i/headshots/nba/players/full/3456.png&w=350&h=254"
409,"Terrence","Ross","Magic","SF",NULL
410,"Terry","Rozier","Celtics","PG","http://a.espncdn.com/combiner/i?img=/i/headshots/nba/players/full/3074752.png&w=350&h=254"
411,"Ricky","Rubio","Timberwolves","PG",NULL
412,"Damjan","Rudez","Magic","SF",NULL
413,"Brandon","Rush","Timberwolves","SG",NULL
414,"D'Angelo","Russell","Lakers","PG","http://a.espncdn.com/combiner/i?img=/i/headshots/nba/players/full/3136776.png&w=350&h=254"
415,"Domantas","Sabonis","Thunder","PF",NULL
416,"Larry","Sanders","Cavaliers","C",NULL
417,"Dario","Saric","76ers","F","http://a.espncdn.com/combiner/i?img=/i/headshots/nba/players/full/3032978.png&w=350&h=254"
418,"Tomas","Satoransky","Wizards","G",NULL
419,"Dennis","Schroder","Hawks","PG",NULL
420,"Luis","Scola","Nets","PF",NULL
421,"Mike","Scott","Hawks","PF",NULL
422,"Thabo","Sefolosha","Hawks","SF",NULL
423,"Wayne","Selden","Grizzlies","SG","http://a.espncdn.com/combiner/i?img=/i/headshots/nba/players/full/3059316.png&w=350&h=254"
424,"Kevin","Seraphin","Pacers","C","http://a.espncdn.com/combiner/i?img=/i/headshots/nba/players/full/4289.png&w=350&h=254"
425,"Ramon","Sessions","Hornets","PG",NULL
426,"Iman","Shumpert","Cavaliers","SG","http://a.espncdn.com/combiner/i?img=/i/headshots/nba/players/full/6468.png&w=350&h=254"
427,"Pascal","Siakam","Raptors","F","http://a.espncdn.com/combiner/i?img=/i/headshots/nba/players/full/3149673.png&w=350&h=254"
428,"Jonathon","Simmons","Spurs","SG","http://a.espncdn.com/combiner/i?img=/i/headshots/nba/players/full/2579466.png&w=350&h=254"
429,"Henry","Sims","Nets","C",NULL
430,"Kyle","Singler","Thunder","SF",NULL
431,"Marcus","Smart","Celtics","PG","http://a.espncdn.com/combiner/i?img=/i/headshots/nba/players/full/2990992.png&w=350&h=254"
432,"Ish","Smith","Pistons","PG","http://a.espncdn.com/combiner/i?img=/i/headshots/nba/players/full/4305.png&w=350&h=254"
433,"Jason","Smith","Wizards","C",NULL
434,"JR","Smith","Cavaliers","SG","http://a.espncdn.com/combiner/i?img=/i/headshots/nba/players/full/2444.png&w=350&h=254"
435,"Tony","Snell","Bucks","SF","http://a.espncdn.com/combiner/i?img=/i/headshots/nba/players/full/2528353.png&w=350&h=254"
436,"Marreese","Speights","Clippers","C","http://a.espncdn.com/combiner/i?img=/i/headshots/nba/players/full/3460.png&w=350&h=254"
437,"Tiago","Splitter","76ers","C","http://a.espncdn.com/combiner/i?img=/i/headshots/nba/players/full/3233.png&w=350&h=254"
438,"Nik","Stauskas","76ers","SG","http://a.espncdn.com/combiner/i?img=/i/headshots/nba/players/full/2991042.png&w=350&h=254"
439,"Lance","Stephenson","Pacers","G","http://a.espncdn.com/combiner/i?img=/i/headshots/nba/players/full/4244.png&w=350&h=254"
440,"Jarnell","Stokes","Nuggets","PF",NULL
441,"Diamond","Stone","Clippers","C","http://a.espncdn.com/combiner/i?img=/i/headshots/nba/players/full/3924880.png&w=350&h=254"
442,"Rodney","Stuckey","Pacers","PG",NULL
443,"Jared","Sullinger","Suns","PF",NULL
444,"Edy","Tavares","Cavaliers","C","http://a.espncdn.com/combiner/i?img=/i/headshots/nba/players/full/3033031.png&w=350&h=254"
445,"Isaiah","Taylor","Rockets","PG","http://a.espncdn.com/combiner/i?img=/i/headshots/nba/players/full/3059336.png&w=350&h=254"
446,"Jeff","Teague","Pacers","PG","http://a.espncdn.com/combiner/i?img=/i/headshots/nba/players/full/4015.png&w=350&h=254"
447,"Mirza","Teletovic","Bucks","PF","http://a.espncdn.com/combiner/i?img=/i/headshots/nba/players/full/4385.png&w=350&h=254"
448,"Garrett","Temple","Kings","SF","http://a.espncdn.com/combiner/i?img=/i/headshots/nba/players/full/4023.png&w=350&h=254"
449,"Jason","Terry","Bucks","SG","http://a.espncdn.com/combiner/i?img=/i/headshots/nba/players/full/841.png&w=350&h=254"
450,"Isaiah","Thomas","Celtics","PG","http://a.espncdn.com/combiner/i?img=/i/headshots/nba/players/full/6472.png&w=350&h=254"
451,"Lance","Thomas","Knicks","PF","http://a.espncdn.com/combiner/i?img=/i/headshots/nba/players/full/6485.png&w=350&h=254"
452,"Hollis","Thompson","Pelicans","SG",NULL
453,"Klay","Thompson","Warriors","SG","http://a.espncdn.com/combiner/i?img=/i/headshots/nba/players/full/6475.png&w=350&h=254"
454,"Tristan","Thompson","Cavaliers","PF","http://a.espncdn.com/combiner/i?img=/i/headshots/nba/players/full/6474.png&w=350&h=254"
455,"X","Thompson","Wizards","C",NULL
456,"Marcus","Thornton","Nets","SG",NULL
457,"Mike","Tobey","Hornets","C",NULL
458,"Anthony","Tolliver","Kings","PF",NULL
459,"Axel","Toupane","Pelicans","SF","http://a.espncdn.com/combiner/i?img=/i/headshots/nba/players/full/3037805.png&w=350&h=254"
460,"Karl","Towns","Timberwolves","C",NULL
461,"PJ","Tucker","Raptors","SF","http://a.espncdn.com/combiner/i?img=/i/headshots/nba/players/full/3033.png&w=350&h=254"
462,"Evan","Turner","Trail Blazers","SG",NULL
463,"Myles","Turner","Pacers","C","http://a.espncdn.com/combiner/i?img=/i/headshots/nba/players/full/3133628.png&w=350&h=254"
464,"Beno","Udrih","Pistons","G","http://a.espncdn.com/combiner/i?img=/i/headshots/nba/players/full/2448.png&w=350&h=254"
465,"Tyler","Ulis","Suns","G","http://a.espncdn.com/combiner/i?img=/i/headshots/nba/players/full/3136194.png&w=350&h=254"
466,"Jarrod","Uthoff","Mavericks","SF","http://a.espncdn.com/combiner/i?img=/i/headshots/nba/players/full/2579293.png&w=350&h=254"
467,"Jonas","Valanciunas","Raptors","C","http://a.espncdn.com/combiner/i?img=/i/headshots/nba/players/full/6477.png&w=350&h=254"
468,"Denzel","Valentine","Bulls","G","http://a.espncdn.com/combiner/i?img=/i/headshots/nba/players/full/2999549.png&w=350&h=254"
469,"Fred","VanVleet","Raptors","G","http://a.espncdn.com/combiner/i?img=/i/headshots/nba/players/full/2991230.png&w=350&h=254"
470,"Anderson","Varejao","Warriors","C",NULL
471,"Greivis","Vasquez","Nets","PG",NULL
472,"Rashad","Vaughn","Bucks","SG","http://a.espncdn.com/combiner/i?img=/i/headshots/nba/players/full/3137733.png&w=350&h=254"
473,"Charlie","Villanueva","Mavericks","PF",NULL
474,"Noah","Vonleh","Trail Blazers","PF",NULL
475,"Nikola","Vucevic","Magic","C",NULL
476,"Sasha","Vujacic","Knicks","SG","http://a.espncdn.com/combiner/i?img=/i/headshots/nba/players/full/2421.png&w=350&h=254"
477,"Dwyane","Wade","Bulls","SG","http://a.espncdn.com/combiner/i?img=/i/headshots/nba/players/full/1987.png&w=350&h=254"
478,"Dion","Waiters","Heat","SG",NULL
479,"Kemba","Walker","Hornets","PG",NULL
480,"John","Wall","Wizards","PG",NULL
481,"TJ","Warren","Suns","SF","http://a.espncdn.com/combiner/i?img=/i/headshots/nba/players/full/2982334.png&w=350&h=254"
482,"CJ","Watson","Magic","PG",NULL
483,"Briante","Weber","Hornets","PG",NULL
484,"David","West","Warriors","PF","http://a.espncdn.com/combiner/i?img=/i/headshots/nba/players/full/2177.png&w=350&h=254"
485,"Russell","Westbrook","Thunder","PG",NULL
486,"Okaro","White","Heat","F",NULL
487,"Isaiah","Whitehead","Nets","G","http://a.espncdn.com/combiner/i?img=/i/headshots/nba/players/full/3136477.png&w=350&h=254"
488,"Hassan","Whiteside","Heat","C",NULL
489,"Shayne","Whittington","Pacers","PF",NULL
490,"Andrew","Wiggins","Timberwolves","SF",NULL
491,"CJ","Wilcox","Magic","SG",NULL
492,"Alan","Williams","Suns","PF","http://a.espncdn.com/combiner/i?img=/i/headshots/nba/players/full/2579326.png&w=350&h=254"
493,"Deron","Williams","Cavaliers","PG","http://a.espncdn.com/combiner/i?img=/i/headshots/nba/players/full/2798.png&w=350&h=254"
494,"Derrick","Williams","Cavaliers","SF","http://a.espncdn.com/combiner/i?img=/i/headshots/nba/players/full/6480.png&w=350&h=254"
495,"Elliott","Williams","Grizzlies","SG",NULL
496,"Lou","Williams","Rockets","SG","http://a.espncdn.com/combiner/i?img=/i/headshots/nba/players/full/2799.png&w=350&h=254"
497,"M","Williams","Rockets","C",NULL
498,"Marvin","Williams","Hornets","PF",NULL
499,"Reggie","Williams","Pelicans","F",NULL
500,"Troy","Williams","Rockets","F","http://a.espncdn.com/combiner/i?img=/i/headshots/nba/players/full/3078286.png&w=350&h=254"
501,"Kyle","Wiltjer","Rockets","F","http://a.espncdn.com/combiner/i?img=/i/headshots/nba/players/full/2581029.png&w=350&h=254"
502,"Justise","Winslow","Heat","SF",NULL
503,"Jeff","Withey","Jazz","C",NULL
504,"Christian","Wood","Hornets","PF",NULL
505,"Metta","World","Lakers","SF","http://a.espncdn.com/combiner/i?img=/i/headshots/nba/players/full/25.png&w=350&h=254"
506,"Brandan","Wright","Grizzlies","PF","http://a.espncdn.com/combiner/i?img=/i/headshots/nba/players/full/3242.png&w=350&h=254"
507,"Delon","Wright","Raptors","PG","http://a.espncdn.com/combiner/i?img=/i/headshots/nba/players/full/3064447.png&w=350&h=254"
508,"Tony","Wroten","Grizzlies","G",NULL
509,"James","Young","Celtics","SG","http://a.espncdn.com/combiner/i?img=/i/headshots/nba/players/full/3064509.png&w=350&h=254"
510,"Joe","Young","Pacers","PG","http://a.espncdn.com/combiner/i?img=/i/headshots/nba/players/full/2528386.png&w=350&h=254"
511,"Nick","Young","Lakers","SG","http://a.espncdn.com/combiner/i?img=/i/headshots/nba/players/full/3243.png&w=350&h=254"
512,"Thaddeus","Young","Pacers","PF","http://a.espncdn.com/combiner/i?img=/i/headshots/nba/players/full/3244.png&w=350&h=254"
513,"Cody","Zeller","Hornets","C",NULL
514,"Tyler","Zeller","Celtics","C","http://a.espncdn.com/combiner/i?img=/i/headshots/nba/players/full/6631.png&w=350&h=254"
515,"Stephen","Zimmerman","Magic","C",NULL
516,"Paul","Zipser","Bulls","F","http://a.espncdn.com/combiner/i?img=/i/headshots/nba/players/full/3893023.png&w=350&h=254"
517,"Ivica","Zubac","Lakers","C","http://a.espncdn.com/combiner/i?img=/i/headshots/nba/players/full/4017837.png&w=350&h=254"
518,"MAX","MAX","MAX","MAX",NULL
519,"AVG","AVG","AVG","AVG",NULL
